{
  "name":"ops_cpu",
  "gradient":180.0,
  "speed":1.000000,
  "F":0.026249,
  "rw":0.833333,
  "action_ratio":1.000000,
  "cycles":36,
  "signals":36,
  "mode":1,
  "decision":1,
  "consecutive_zero_delta":0,
  "atom_count":5,
  "motor_cycle":36,
  "motor_count":1,
  "motor":[
    {"hash":7001,"last":35,"interval":1,"prev":1,"reps":36,"strength":0.657518}
  ],
  "f_history":[0.0000,0.0055,0.0073,0.0110,0.0110,0.0110,0.0126,0.0124,0.0122,0.0132,0.0130,0.0128,0.0136,0.0134,0.0132,0.0138,0.0136,0.0135,0.0139,0.0138,0.0136,0.0140,0.0139,0.0138,0.0141,0.0140,0.0139,0.0142,0.0141,0.0140,0.0141,0.0136,0.0132,0.0128,0.0125,0.0262],
  "calvin_atoms":[

  ]
}
