{
  "name":"domain_A",
  "gradient":340.0,
  "speed":0.850000,
  "F":0.530582,
  "rw":0.833333,
  "action_ratio":0.850000,
  "cycles":80,
  "signals":80,
  "mode":1,
  "decision":1,
  "consecutive_zero_delta":10,
  "atom_count":5,
  "motor_cycle":80,
  "motor_count":1,
  "motor":[
    {"hash":8001,"last":79,"interval":1,"prev":1,"reps":80,"strength":1.000000}
  ],
  "f_history":[0.0100,0.2500,0.4967,0.3729,0.6172,0.4941,0.5783,0.4900,0.5555,0.4862,0.5253,0.4718,0.5048,0.4614,0.4896,0.4604,0.4778,0.4456,0.4800,0.4511,0.4694,0.4488,0.4706,0.4561,0.4792,0.4739,0.4905,0.4810,0.4915,0.4863,0.4986,0.4933,0.4985,0.4934,0.5039,0.5084,0.5145,0.5122,0.5203,0.5178,0.5283,0.5256,0.5326,0.5298,0.5355,0.5354,0.5405,0.5376,0.5362,0.5360,0.5380,0.5352,0.5390,0.5362,0.5420,0.5414,0.5472,0.5443,0.5469,0.5441,0.5431,0.5403,0.5425,0.5418,0.5408,0.5401,0.5437,0.5410,0.5424,0.5397,0.5396,0.5370,0.5381,0.5355,0.5365,0.5340,0.5348,0.5323,0.5330,0.5306],
  "calvin_atoms":[

  ]
}
