{
  "name":"domain_A",
  "gradient":334.0,
  "speed":0.835000,
  "F":0.526461,
  "rw":0.833333,
  "action_ratio":0.835000,
  "cycles":80,
  "signals":80,
  "mode":1,
  "decision":1,
  "consecutive_zero_delta":11,
  "atom_count":5,
  "motor_cycle":80,
  "motor_count":1,
  "motor":[
    {"hash":8001,"last":79,"interval":1,"prev":1,"reps":80,"strength":1.000000}
  ],
  "f_history":[0.0000,0.2500,0.4967,0.3729,0.6172,0.4941,0.5870,0.4894,0.4830,0.4142,0.5483,0.4799,0.4737,0.4212,0.5227,0.4706,0.4644,0.4223,0.5032,0.4614,0.4553,0.4204,0.4870,0.4523,0.4529,0.4289,0.4782,0.4542,0.4702,0.4641,0.4879,0.4811,0.4918,0.4851,0.4991,0.4969,0.5088,0.5062,0.5164,0.5136,0.5225,0.5195,0.5272,0.5242,0.5310,0.5279,0.5339,0.5308,0.5361,0.5330,0.5377,0.5347,0.5388,0.5358,0.5395,0.5365,0.5398,0.5369,0.5398,0.5369,0.5395,0.5367,0.5390,0.5362,0.5383,0.5356,0.5374,0.5347,0.5363,0.5336,0.5350,0.5324,0.5337,0.5311,0.5322,0.5297,0.5306,0.5281,0.5289,0.5265],
  "calvin_atoms":[

  ]
}
