{
  "name":"domain_B",
  "gradient":50.0,
  "speed":1.000000,
  "F":0.010000,
  "rw":0.833333,
  "action_ratio":1.000000,
  "cycles":10,
  "signals":10,
  "mode":1,
  "decision":1,
  "consecutive_zero_delta":0,
  "atom_count":5,
  "motor_cycle":10,
  "motor_count":1,
  "motor":[
    {"hash":8002,"last":9,"interval":1,"prev":1,"reps":10,"strength":0.674283}
  ],
  "f_history":[0.0100,0.0100,0.0100,0.0100,0.0100,0.0100,0.0100,0.0100,0.0100,0.0100],
  "calvin_atoms":[

  ]
}
