{
  "name":"domain_A",
  "gradient":340.0,
  "speed":0.850000,
  "F":0.530582,
  "rw":0.833333,
  "action_ratio":0.850000,
  "cycles":80,
  "signals":80,
  "mode":1,
  "decision":1,
  "consecutive_zero_delta":10,
  "atom_count":5,
  "motor_cycle":80,
  "motor_count":1,
  "motor":[
    {"hash":8001,"last":79,"interval":1,"prev":1,"reps":80,"strength":1.000000}
  ],
  "f_history":[0.0000,0.2500,0.4967,0.3729,0.6172,0.4941,0.5870,0.4894,0.4830,0.4142,0.5483,0.4799,0.4737,0.4212,0.5227,0.4706,0.4644,0.4223,0.5032,0.4614,0.4553,0.4204,0.4731,0.4526,0.4657,0.4531,0.4881,0.4750,0.4886,0.4816,0.5036,0.4962,0.5055,0.4984,0.5113,0.5087,0.5197,0.5169,0.5263,0.5233,0.5316,0.5285,0.5357,0.5325,0.5388,0.5357,0.5413,0.5381,0.5430,0.5399,0.5443,0.5412,0.5451,0.5420,0.5455,0.5425,0.5456,0.5426,0.5453,0.5424,0.5448,0.5420,0.5441,0.5413,0.5432,0.5405,0.5422,0.5395,0.5409,0.5383,0.5396,0.5370,0.5381,0.5355,0.5365,0.5340,0.5348,0.5323,0.5330,0.5306],
  "calvin_atoms":[

  ]
}
