{
  "name":"market_spy",
  "gradient":550.0,
  "speed":1.000000,
  "F":0.002038,
  "rw":0.833333,
  "action_ratio":1.000000,
  "cycles":110,
  "signals":110,
  "mode":1,
  "decision":1,
  "consecutive_zero_delta":0,
  "atom_count":5,
  "motor_cycle":110,
  "motor_count":1,
  "motor":[
    {"hash":5001,"last":109,"interval":1,"prev":1,"reps":110,"strength":1.000000}
  ],
  "f_history":[0.0009,0.0009,0.0009,0.0009,0.0009,0.0009,0.0009,0.0009,0.0009,0.0009,0.0018,0.0018,0.0017,0.0017,0.0017,0.0016,0.0016,0.0016,0.0016,0.0016,0.0015,0.0015,0.0015,0.0015,0.0015,0.0015,0.0015,0.0014,0.0014,0.0014,0.0018,0.0018,0.0018,0.0018,0.0018,0.0018,0.0017,0.0017,0.0017,0.0017,0.0017,0.0017,0.0017,0.0016,0.0016,0.0016,0.0016,0.0016,0.0016,0.0016,0.0019,0.0018,0.0018,0.0018,0.0018,0.0018,0.0018,0.0018,0.0018,0.0017,0.0017,0.0017,0.0017,0.0017,0.0017,0.0017,0.0017,0.0017,0.0017,0.0017,0.0019,0.0019,0.0018,0.0018,0.0018,0.0018,0.0018,0.0018,0.0018,0.0018,0.0018,0.0018,0.0018,0.0017,0.0017,0.0017,0.0017,0.0017,0.0017,0.0017,0.0019,0.0019,0.0019,0.0019,0.0020,0.0020,0.0020,0.0020,0.0020,0.0020],
  "calvin_atoms":[

  ]
}
